{
  "controller/App-dbg.controller.js": 1716371115222,
  "controller/App.controller.js": 1716371115222,
  "model/models.js": 1716371115222,
  "controller/View1.controller.js": 1716958797366,
  "manifest.json": 1716958885608,
  "Component.js": 1716371115214,
  "Component-preload.js": 1716958885965,
  "controller/View1-dbg.controller.js": 1716958797366,
  "model/models-dbg.js": 1716371115222,
  "i18n/i18n.properties": 1716371145814,
  "Component-dbg.js": 1716371115214,
  "view/View1.view.xml": 1716371466222,
  "view/App.view.xml": 1716371115226,
  "css/style.css": 1716784087213,
  "index.html": 1716371115214
}